I. Chương trình Thưởng Tháng 07 Năm 2026,,,,,,,
,1. Thưởng Đại sứ mới,,,,,,
,- Cơ chế thưởng,,,,,,
,,"Thưởng Đại sứ mới lần đầu phát sinh doanh số, ghi nhận nỗ lực triển khai bán hàng trong giai đoạn đầu tham gia cộng đồng và đạt khởi đầu tích cực với doanh số tổng tháng từ 3 triệu trở lên.",,,,,
,- Chỉ tiêu xét thưởng và giá trị giải thưởng,,,,,,
,,Tháng đầu tiên phát sinh doanh số >=,Giá trị giải thưởng,Số lượng giải Tháng 7,Số lượng giải Tháng 8,Số lượng giải Tháng 9,
,,10.000.000 ₫,99.000 ₫,30,30,30,
,,30.000.000 ₫,199.000 ₫,20,20,20,
,,50.000.000 ₫,299.000 ₫,20,20,10,
,,,,,,,
,2. Đại sứ Giáo dục xuất sắc,,,,,,
,- Cơ chế thưởng,,,,,,
,,"Thưởng Đại sứ đạt Top doanh số cá nhân, nhằm tôn vinh thành tích nổi bật và đóng góp tích cực trong hoạt động triển khai bán hàng.",,,,,
,- Chỉ tiêu xét thưởng và giá trị giải thưởng,,,,,,
,,Giải,Doanh số >=,Số lượng giải,Giá trị giải thưởng,,
,,Top 1,200.000.000 ₫,1,1.000.000 ₫,,
,,Top 2,150.000.000 ₫,1,800.000 ₫,,
,,Top 3,100.000.000 ₫,1,500.000 ₫,,
,,,,,,,
,3. Quản lý tuyển dụng xuất sắc,,,,,,
,- Cơ chế thưởng,,,,,,
,,"- Thưởng ghi nhận Đại sứ tuyển dụng hiệu quả, đóng góp vào tăng trưởng đội ngũ",,,,,
,,- Đại sứ active có học viên đăng kí ít nhất 1 khóa học chính,,,,,
,- Chỉ tiêu xét thưởng và giá trị giải thưởng,,,,,,
,,Giải,Số lượng Đại sứ mới active,Tổng doanh số Đại sứ mới active,Số lượng giải,Giá trị giải thưởng,
,,Top 1,>= 5,>= 30.000.000đ,1,500.000 ₫,
,,,,,,,
,4. Quản lý tiêu biểu,,,,,,
,- Điều kiện đề cử & xét giải ,,,,,,
,,- Hoàn thành từ 100% mục tiêu cam kết theo cấp bậc,,,,,
,,- Thể hiện dấu ấn và ảnh hưởng tích cực trong đội ngũ và trong hệ thống Đại sứ Giáo dục Galaxy Education,,,,,
,,"- Là tấm gương tiêu biểu của tinh thần sáng tạo, đột phá, tích cực và lan tỏa giá trị giáo dục",,,,,
,,- Đại sứ active có học viên đăng kí ít nhất 1 khóa học chính,,,,,
,- Chỉ tiêu xét thưởng và giá trị giải thưởng,,,,,,
,,Quản lý,Thực đạt mục tiêu cam kết,Đại sứ mới active trong đội ngũ,Số lượng giải,Giá trị giải thưởng,Điều kiện đủ
,,Cấp Nhóm,>= 100%,>= 5,1,500.000 ₫,Thông qua đề xuất/ bình chọn/ xét duyệt dựa trên các yếu tố biểu dương khác
,,Cấp Phòng,>= 100%,>= 10,1,800.000 ₫,
,,Cấp Khu vực,>= 100%,>= 15,1,1.000.000 ₫,
,,,,,,,
,,,,,,,
II. Chương trình Thưởng Quý III Năm 2026,,,,,,,
,1. Đại sứ Giáo dục xuất sắc,,,,,,
,- Cơ chế thưởng,,,,,,
,,"Thưởng ghi nhận nỗ lực tuyển sinh của Đại sứ, dựa trên số lượng học sinh tuyển sinh mới;",,,,,
,,Học sinh mới: học sinh đăng ký các khóa học theo hình thức đăng kí khoá học chính;,,,,,
,,Các giải thưởng Top 1 - Top 2 - Top 3: Xét trao thưởng cho cá nhân đạt điều kiện chính cao nhất và thoả mãn mọi điều kiện khác;,,,,,
,- Chỉ tiêu xét thưởng và giá trị giải thưởng,,,,,,
,,Giải,Chỉ tiêu số lượng học sinh mới,Số lượng giải,Giá trị giải thưởng,,Điều kiện ràng buộc doanh số
,,Top 1,>= 55,1,1.500.000 ₫,Suất tham dự GEA,>= 250 triệu đồng
,,Top 2,>= 40,1,1.000.000 ₫,Suất tham dự GEA,
,,Top 3,>= 25,1,800.000 ₫,Suất tham dự GEA,
,,EGC,>= 25,30,500.000 ₫,Suất tham dự GEA,>= 200 triệu đồng
,,,,,,,
,2. Quản lý mới thăng cấp,,,,,,
,- Cơ chế thưởng,,,,,,
,,"Thưởng ghi nhận nỗ lực vượt mục tiêu cấp bậc, xuất sắc Thăng cấp lên các cấp bậc tiếp theo của Đại sứ",,,,,
,- Chỉ tiêu xét thưởng và giá trị giải thưởng,,,,,,
,,Đại sứ thăng cấp,Phần thưởng thăng cấp,,,,
,,Trưởng nhóm,Chứng nhận,Suất tham dự GEA,300.000 ₫,,
,,Trưởng nhóm cấp cao,Chứng nhận,Suất tham dự GEA,500.000 ₫,,
,,Trưởng phòng,Chứng nhận,Suất tham dự GEA,1.000.000 ₫,,
,,Trưởng phòng cấp cao,Chứng nhận,Suất tham dự GEA,1.000.000 ₫,,
,,Giám đốc khu vực,Chứng nhận,Suất tham dự GEA,1.000.000 ₫,,
,,Giám đốc khu vực cấp cao,Chứng nhận,Suất tham dự GEA,1.000.000 ₫,,
,,Giám đốc Vùng,Chứng nhận,Suất tham dự GEA,1.000.000 ₫,,
,,,,,,,
,3. Quản lý tuyển dụng xuất sắc,,,,,,
,- Cơ chế thưởng,,,,,,
,,"- Thưởng ghi nhận Đại sứ tuyển dụng hiệu quả, đóng góp vào tăng trưởng đội ngũ",,,,,
,,- Đại sứ active có học viên đăng kí ít nhất 1 khóa học chính,,,,,
,- Chỉ tiêu xét thưởng và giá trị giải thưởng,,,,,,
,,Giải,Số lượng Đại sứ mới active,Tổng doanh số Đại sứ mới active,Số lượng giải,Giá trị giải thưởng,
,,Top 1,>= 15,>= 100.000.000đ,1,1.000.000 ₫,
,,,,,,,
,4. Quản lý tiêu biểu,,,,,,
,- Cơ chế thưởng,,,,,,
,,- Hoàn thành từ 100% mục tiêu cam kết theo cấp bậc,,,,,
,,- Thể hiện dấu ấn và ảnh hưởng tích cực trong đội ngũ và trong hệ thống Đại sứ Giáo dục Galaxy Education,,,,,
,,"- Là tấm gương tiêu biểu của tinh thần sáng tạo, đột phá, tích cực và lan tỏa giá trị giáo dục",,,,,
,,- Đại sứ active có học viên đăng kí ít nhất 1 khóa học chính,,,,,
,- Chỉ tiêu xét thưởng và giá trị giải thưởng,,,,,,
,,Quản lý,Thực đạt mục tiêu cam kết,Đại sứ mới active trong đội ngũ,Giá trị giải thưởng,Điều kiện đủ,
,,Cấp Nhóm,>= 100%,>= 10,500.000 ₫,Thông qua đề xuất/ bình chọn/ xét duyệt dựa trên các yếu tố biểu dương khác,
,,Cấp Phòng,>= 100%,>= 20,1.000.000 ₫,,
,,Cấp Khu vực,>= 100%,>= 30,2.000.000 ₫,,
,,,,,,,
,,,,,,,
III. Chương trình Thưởng Kỳ II Năm 2026,,,,,,,
,1. Đại sứ Giáo dục xuất sắc,,,,,,
,- Cơ chế thưởng,,,,,,
,,"Thưởng Đại sứ đạt Top doanh số cá nhân, nhằm tôn vinh thành tích nổi bật và đóng góp tích cực trong hoạt động triển khai bán hàng.",,,,,
,- Chỉ tiêu xét thưởng và giá trị giải thưởng,,,,,,
,,Giải,Số lượng giải,Doanh số cá nhân >=,Giá trị giải thưởng,,
,,Top 1 - Top 3,3,800.000.000 ₫,100% chuyến du lịch quốc tế,,
,,Top 4 - Top 8,5,500.000.000 ₫,50% chuyến du lịch quốc tế,,
,,,,,,,
,2. Quản lý xuất sắc,,,,,,
,- Cơ chế thưởng,,,,,,
,,"Thưởng ghi nhận đội ngũ tiên phong, dám cam kết và xuất sắc đạt các mốc thử thách doanh số 10 tỷ – 20 tỷ.",,,,,
,- Chỉ tiêu xét thưởng và giá trị giải thưởng,,,,,,
,,Doanh số đội ngũ >=,Số lượng giải,Đại sứ mới active trong đội ngũ,Giá trị giải thưởng,Điều kiện cần,
,,20 tỷ,3,>= 80,100% chuyến du lịch quốc tế,Chấp nhận và xuất sắc vượt qua thử thách,
,,10 tỷ,5,>= 40,50% chuyến du lịch quốc tế,,